run,binary,round,gain_pct_vs_native
final_9rounds,sgcc_base,1,7.4
final_9rounds,sgcc_base,2,-0.3
final_9rounds,sgcc_base,3,8.7
final_9rounds,sgcc_base,4,7.1
final_9rounds,sgcc_base,5,28.6
final_9rounds,sgcc_base,6,7.5
final_9rounds,sgcc_base,7,0.1
final_9rounds,sgcc_base,8,4.5
final_9rounds,sgcc_base,9,10.4
final_9rounds,sgcc_peak,1,7.8
final_9rounds,sgcc_peak,2,8.8
final_9rounds,sgcc_peak,3,7.6
final_9rounds,sgcc_peak,4,8.5
final_9rounds,sgcc_peak,5,10.5
final_9rounds,sgcc_peak,6,13.5
final_9rounds,sgcc_peak,7,8.3
final_9rounds,sgcc_peak,8,9.5
final_9rounds,sgcc_peak,9,7.6
final_9rounds,cc1,1,-1.9
final_9rounds,cc1,2,-0.5
final_9rounds,cc1,3,2.7
final_9rounds,cc1,4,-2.4
final_9rounds,cc1,5,-1.5
final_9rounds,cc1,6,-4.6
final_9rounds,cc1,7,0.7
final_9rounds,cc1,8,-2.6
final_9rounds,cc1,9,-1.3
final_9rounds,bzip2,1,-4.5
final_9rounds,bzip2,2,-3.7
final_9rounds,bzip2,3,-3.3
final_9rounds,bzip2,4,-3.4
final_9rounds,bzip2,5,-4.5
final_9rounds,bzip2,6,-4.6
final_9rounds,bzip2,7,-2.7
final_9rounds,bzip2,8,-2.4
final_9rounds,bzip2,9,-3.8
ab_10rounds,sgcc_base_new,1,7.0
ab_10rounds,sgcc_base_new,2,7.5
ab_10rounds,sgcc_base_new,3,-44.9
ab_10rounds,sgcc_base_new,4,8.1
ab_10rounds,sgcc_base_new,5,37.5
ab_10rounds,sgcc_base_new,6,8.0
ab_10rounds,sgcc_base_new,7,11.7
ab_10rounds,sgcc_base_new,8,6.2
ab_10rounds,sgcc_base_new,9,7.2
ab_10rounds,sgcc_base_new,10,7.2
ab_10rounds,sgcc_base_old,1,6.4
ab_10rounds,sgcc_base_old,2,7.8
ab_10rounds,sgcc_base_old,3,-40.8
ab_10rounds,sgcc_base_old,4,8.2
ab_10rounds,sgcc_base_old,5,39.0
ab_10rounds,sgcc_base_old,6,6.8
ab_10rounds,sgcc_base_old,7,-35.2
ab_10rounds,sgcc_base_old,8,-13.5
ab_10rounds,sgcc_base_old,9,10.6
ab_10rounds,sgcc_base_old,10,5.7
